번호,제목
1,A+B
2,A-B
3,터렛
4,피보나치 함수
5,어린 왕자
6,ACM Craft
7,습격자 초라기
8,벡터 매칭
9,A/B
10,분산처리
11,다리 놓기
12,Fly me to the Alpha Centauri
13,유기농 배추
14,Contact
15,컨닝
16,수열 정렬
17,제곱 ㄴㄴ 수
18,소수 쌍
19,체스판 다시 칠하기
20,책 페이지
21,디지털 카운터
22,회전하는 큐
23,소용돌이 예쁘게 출력하기
24,괄호 문자열
25,수열의 합
26,제곱수 찾기
27,보물
28,고층 건물
29,다이아몬드 광산
30,그림 교환
31,프렉탈 평면
32,스타 대결
33,명령 프롬프트
34,칵테일
35,램프
36,조각 움직이기
37,36진수
38,약수
39,감소하는 수
40,교환
41,정수
42,주사위
43,움
44,거짓말
45,팀 선발
46,도로
47,그림자
48,울타리
49,유니콘
50,기타줄
51,물약
52,숫자 정사각형
53,물병
54,팰린드롬 공장
55,팰린드롬 문장
56,끝이없음
57,수
58,토너먼트
59,친구
60,좋은 구간
61,좋은 수
62,삼각형
63,가르침
64,킹
65,평행사변형
66,한수
67,에이한수
68,이동
69,트리
70,집으로
71,김지민의 침략
72,소트
73,게임
74,도미노
75,Z
76,나누기
77,저항
78,넓이
79,뒤집음
80,마피아
81,행렬
82,합
83,방 번호
84,소트
85,방 번호 2
86,직사각형에서 탈출
87,박성원
88,쥐 잡기
89,케이크
90,스타트링크 타워
91,체커
92,카드 섞기
93,배
94,스티커 수집
95,막대기
96,마법의 구슬
97,종이 접기
98,마법의 문자열
99,쌍둥이 마을
100,알 수 없는 문장
